id,value
5/1/10,26.139587139770544
4/1/09,22.008277813959165
9/1/13,5.736316286517711
1/1/06,3.3745027882882423
2/1/07,7.719685531965436
8/1/12,13.408918834044856
6/1/14,24.69209930750782
3/1/08,14.939543603135192
12/1/04,0.32799678024887247
7/1/11,20.890940109468083
